foursquare.com, mapquest.com, trustpilot.com, amazon.in, biz.prlog.org
manta.com, angel.co, tradeindia.com, indiamart.com, yellowbot.com
ommunitywalk.com, bizcommunity.com, snapdeal.com, sitejabber.com, justdial.com
showmelocal.com, yellowpages.webindia123.com, sulekha.com, communitywalk.com, exportersindia.com
lacartes.com, reviewcentre.com, 2findlocal.com, ezilon.com, in.ezilon.com
mouthshut.com, yelloyello.com, citysquares.com, gust.com, connect.releasewire.com
prsync.com, expressbusinessdirectory.com, briefingwire.com, businessworld.in, maharashtradirectory.com
locanto.net, elocal.com, in.enrollbusiness.com, local.indiaonline.in, myntra.com
callupcontact.com, thetoptens.com, find-us-here.com, yellowpages.cybo.com, ijnet.org
cityinsider.com, traderscity.com, trepup.com, asklaila.com, clickindia.com
hotfrog.in, igotbiz.com, gidonline.com, indiabizclub.com, indiacom.com
whereincity.com, designfirms.org, eindiabusiness.com, foodpanda.in, in.wowcity.com
kugli.com, routeandgo.net, tuugo.co.uk, akama.com, company.fm
indiabook.com, placereference.com, surfindia.com, tupalo.net, fullhyderabad.com
grotal.com, indiacatalog.com, indialist.com, indianyellowpages.com, yellowpages.ivarta.com
40billion.com, go4worldbusiness.com, jantareview.com, yalwa.in, fundoodata.com
jimyellowpages.com, admin.cylex.in, bizsheet.com, cylex.in, dialindia.com
tuugo.in, buckeyeads.com, indianindustry.com, infoisinfo.co.in, localbiznetwork.com
vanik.com, addsera.in, bgyellowpages.com, busylisting.com, eximdata.com
startlocal.in, vcsdata.com, aaspaas.com, ecity.com, indiatradezone.com
altaindia.com, freeadstime.org, findermaster.com, advertiseera.com, wallclassifieds.com
h1ad.com, yookalo.com, classifiedsfactor.com, ad.ologames.com, ads.shopolop.com
ads.digitalmarketinghints.com, rectanglead.com, bizcommunity.com, biz.prlog.org, sulekha.com
sitejabber.com, indiamart.com, e27.co, apsense.com, yellowpages.webindia123.com
ijnet.org/en, dead.net, enetget.com, thetoptens.com, reviewcentre.com
mouthshut.com, elocal.com, justdial.com, storeboard.com, brownbook.net
spoke.com, ezilon.com, lacartes.com, spoke.com/companies, yellowbot.com
basenotes.net, kenyanz.com, releasewire.com, techdirectory.io, exportersindia.com
startupxplore.com, everplaces.com, citysquares.com, listography.com, index.co
cybo.com, craft.co, startus.cc, prsync.com, showmelocal.com
goodfirms.co, callupcontact.com, zumvu.com, expressbusinessdirectory.com, briefingwire.com
clickindia.com, craftfoxes.com, hostsearch.com, 2findlocal.com, parkbench.com
findit.com, 40billion.com, askmap.net, appfutura.com, place123.net
asklaila.com, traderscity.com, zaubacorp.com, indiaonline.in, yoomark.com/index.php
find-us-here.com, dotnetfunda.com, siftery.com, thenewsfunnel.com, globalcatalog.com
csslight.com, twenty19.com, go4worldbusiness.com, tupalo.net/en, knpbundles.com
fullhyderabad.com, adsansar.com, consultants500.com, creativematch.com/directory, zordis.com
fundoodata.com, in.locanto.asia, ewire.com, businesslistingplus.com, qutee.com
igotbiz.com, nextbizthing.com, eliteservicesnetwork.com, cgmimm.com, wowcity.com
ogoing.com, indianyellowpages.com, cityinsider.com, nicefirm.com, pitnit.com
dealerbaba.com, linqto.me, orapages.com, bresdel.com, bizofit.com
freelistingindia.in, akama.com, zipleaf.com, peeplocal.com, bizsheet.com
yalwa.in, bunity.com, tuugo.co.uk, companylist.org, trueen.com
addonbiz.com, bunity.com, wadline.com, gostartups.in, bizbangboom.com
citybyapp.com, indiabizclub.com, maharashtradirectory.com, designfirms.org, eindiabusiness.com
macro.market, hrbusinesslive.com, quponing.com, indiabook.com, anibookmark.com
croozi.com, yelu.in, ncrcities.com, adfreeposting.com, sholay.in
addyp.com, gujaratdirectory.com, bizinfe.com, indiacatalog.com, justfindus.in
true2ourselves.com, bigwigbiz.com, dialindia.com, jantareview.com, credibase.com
onefdh.com, mysheriff.co.in, business-startpage.com, freeadshare.com, bizcyclone.com
onlinebusinessoffice.com, forglobal.com, infoisinfo.co.in, localbiznetwork.com/india, finest4.com
vanik.com, directorytogoto.com, a4add.com, buckeyeads.com, dueclix.com
adoak.com, findbestseo.com, bgyellowpages.com, japanautopages.com, jsdirectory.com
infoline.com, jimyellowpages.com, yellowpages.in, indocanadianbusinesspages.com, storycrews.com
speedylocal.com, busylisting.com, jetpack.pro, indyapages.com, bizzduniya.com
vcsdata.com, ecity.com, nextbizdoor.com, imclassified.com, breaie.com
aaspaas.com, poweredindia.com, karosearch.com, citymapia.com, businesses.avidlocals.com
elcraz.com, channeliser.com, localdiaries.in, indiarubberdirectory.com, bananadirectories.com
callme.co.in, addsera.in, beautybythebatch.com, localfrog.in, ilocatelocal.com
bharathlisting.com, clickedindia.net, thelocalbz.com, cityyap.com, indiaaclick.com
buysellcart.in, cheapwb.com, indisearch.com, helloteachers.in, housetohomepros.com
directory.best, yellez.com, infoindiaa.com, indiaontrade.com, linkcenter.com
toplocal.in, yplocal.com, countrypwr.com, localhomeservicepros.com, entireindia.com
nettica.co, biz15.co.in, indianindustriesdirectory.com, edustudy.org, callfor.co.in/business-directory
maharashtrabusinesspages.com, exportersindia.net, attamarketonline.com, mozopages.com, serviceindia.com
indiabusinessenquiry.com, mybusinesslive.in, bicycledirectory.com, askjaynee.com, lungidude.com
businessmention.in, solartize.com, southeastvalley.com, bookkeepersdirectory.com, local.gocommercially.com
lemonhunt.com, searchrunners.com, indiabusinessindex.com, mycleaningbid.com/india, businesssoftwarehelp.com
in.fairface.com, a1bizdirectory.com, dentalbusinessdirectory.com, 242hub.com, goodlinksindia.in
opendi.in, dobusinesslocal.com, plrtherapy.com, thelululist.com, massagefinders.com
directory.international, truthinx.com, qavendors.com, indocanonline.com, edypa.in
igottime.net, blacklinkus.com, auslankabridge.com, healthcare.lonestarmedicalsolutions.com, hmongsearch.com
yohsocialmedia.com, costaricalocations.com, campingiq.com, capecoddigest.com, bestincity.online
hubspot.com, whitepages.com, bizjournals.com, neustarlocaleze.biz, alignable.com
nextdoor.com, judysbook.com, angi.com, manta.com, hotfrog.com
citysearch.com, merchantcircle.com, thumbtack.com, linkedin.com, bbb.org
yellowpages.com, superpages.com, businessconnect.apple.com, bingplaces.com, tripadvisor.com
yplocal.us, brownbook.net, chamberofcommerce.com, dexknows.com, elocal.com
ezlocal.com, cylex-international.com, spoke.com, mapquest.com, yp.com
tupalo.com, opendi.us, findlaw.com, insiderpages.com, ibegin.com
showmelocal.com, n49.com, citysquares.com, credibility.com, infobel.com
factual.com, business.yelp.com, yasabe.com, yalwa.com, fyple.com
myhuckleberry.com, yellowise.com, acxiom.com, foursquare.com/business, tomtom.com
navmii.com, credibility.com, infobel.com, neustarlocaleze.biz, expressupdate.com
neustarlocaleze.biz, citysquares.com, fyple.com, myhuckleberry.com, factual.com
yalwa.com, yasabe.com, yellowise.com, business.yelp.com, acxiom.com
expressupdate.com, tuugo.com, scoot.co.uk, tradepages.co.uk, ukbusinessdirectoryltd.co.uk
uk-businesses.co.uk, thomsonlocal.com, thetradefinder.co.uk, lacartes.com, locanto.co.uk
allinlondon.co.uk, businessmagnet.co.uk, hotfrog.co.uk, opening-times.co.uk, yalwa.co.uk
healthstaffdiscounts.co.uk, digibritain.co.uk, infoisinfo.co.uk, bizify.co.uk, myindex.co.uk
b99.co.uk, bunity.com, approvedbusiness.co.uk, uksmallbusinessdirectory.co.uk, cylex-uk.co.uk
bizexposed.com, fyple.co.uk, b2blistings.org, construction.co.uk, findtheneedle.co.uk
homeandgardenlistings.co.uk, britishforcesdiscounts.co.uk, locallife.co.uk, nextdoor.co.uk, camdenpages.co.uk
abilogic.com, ezilon.com, 1stdirectory.co.uk, zipleaf.co.uk, acompio.co.uk
directory.birminghampost.co.uk, botw.org.uk, 118information.co.uk, miquando.com, findit.lisburntoday.co.uk
wandsworthpages.co.uk, southwarkpages.co.uk, directory.getwestlondon.co.uk, bizcommunity.com, applegate.co.uk
directory.luton-dunstable.co.uk, findit.hucknalldispatch.co.uk, business.localmole.co.uk, mylocalservices.co.uk, albabusinessdirectory.co.uk
europages.co.uk, iformative.com, 192.com, dentons.net, businessnetwork.co.uk
gps-data-team.com, misterwhat.co.uk, uk.myhuckleberry.com, cybo.com, find-us-here.com
citipages.net, where2go.com, where2go.com, yell.com, near.co.uk
tuugo.co.uk, whodoyou.com, tipped.co.uk, justlanded.com, tupalo.com
yelp.co.uk/london, cityvisitor.co.uk, yellowleaf.co.uk, businessuk.directory, ibegin.com
ukbusinesslist.co.uk, 2findlocal.com, callupcontact.com, bookedin.com, ukbizs.com
ukdirectory.co.uk, uksafety.net, biznessdirect.co.uk, touchlocal.com, gb.enrollbusiness.com
londondirectory.co.uk, localpages.co.uk, uklistings.org, uklettingagent.co.uk, fastfinders.co.uk